,MVSA_GPR_greedy,MVSA_GPR_ucb,MVSA_GPR_gpflow_greedy,MVSA_GPR_gpflow_ucb,MVSA_LGBM_greedy,MVSA_LGBM_ucb,MVSA_SVR_greedy,MVSA_SVR_ucb,MVSA_DNN_greedy,MVSA_DNN_ucb,Greedy Acquisition,Random Sampling
0,0.010945273631840797,0.010945273631840797,0.010945273631840797,0.010945273631840797,0.010945273631840797,0.010945273631840797,0.010945273631840797,0.010945273631840797,0.010945273631840797,0.010945273631840797,0.010945273631840797,0.010945273631840797
1,0.03383084577114428,0.03333333333333333,0.03333333333333333,0.03333333333333333,0.03233830845771144,0.03233830845771144,0.031840796019900496,0.031840796019900496,0.034328358208955224,0.034328358208955224,0.03233830845771144,0.018407960199004977
2,0.05621890547263682,0.05472636815920398,0.05472636815920398,0.05223880597014925,0.05472636815920398,0.05472636815920398,0.05472636815920398,0.05472636815920398,0.04875621890547264,0.04875621890547264,0.051741293532338306,0.031840796019900496
3,0.08258706467661692,0.07761194029850746,0.07860696517412935,0.08009950248756219,0.08109452736318408,0.08109452736318408,0.09004975124378109,0.09004975124378109,0.06965174129353234,0.06965174129353234,0.08109452736318408,0.04228855721393035
4,0.12139303482587065,0.10995024875621891,0.12189054726368159,0.12189054726368159,0.12736318407960198,0.12736318407960198,0.14029850746268657,0.14029850746268657,0.10149253731343283,0.10149253731343283,0.11641791044776119,0.05124378109452736
5,0.16069651741293534,0.15074626865671642,0.16965174129353233,0.1582089552238806,0.17064676616915422,0.17064676616915422,0.17412935323383086,0.17412935323383086,0.13482587064676618,0.13482587064676618,0.154726368159204,0.058208955223880594
0,,,,,,,,,,,,
