,MVSA_GPR_greedy,MVSA_GPR_ucb,MVSA_GPR_gpflow_greedy,MVSA_GPR_gpflow_ucb,MVSA_LGBM_greedy,MVSA_LGBM_ucb,MVSA_SVR_greedy,MVSA_SVR_ucb,MVSA_DNN_greedy,MVSA_DNN_ucb,Greedy Acquisition,Random Sampling
0,28.651560306549072,29.018715381622314,185.21694111824036,189.29130363464355,6.688981294631958,6.574328660964966,62.97193002700806,62.4348087310791,99.38633394241333,98.94468879699707,1.3201711177825928,0.4043080806732178
0,,,,,,,,,,,,
