,FP Precision@90 - mean_score_,FP Precision@90 - mean_filter_PAINS_,TP Precision@90 - mean_score_,TP Precision@90 - mean_filter_PAINS_,FP EF10 - mean_score_,FP EF10 - mean_filter_PAINS_,TP EF10 - mean_score_,TP EF10 - mean_filter_PAINS_,FP BEDROC20 - mean_score_,FP BEDROC20 - mean_filter_PAINS_,TP BEDROC20 - mean_score_,TP BEDROC20 - mean_filter_PAINS_
GPCR_3,0.7280701754385965,0.5121951219512195,0.7479674796747967,0.4007067137809187,0.4328540121178029,0.3045114619482868,0.30328407492491755,0.16247760538745334,0.737233273882439,0.5539055576509005,0.7161355296835338,0.3626363534780489
