,FP Precision@90 - mean_mvsa_,FP Precision@90 - mean_catboost_self,FP Precision@90 - mean_catboost_test,FP Precision@90 - mean_dvrl_,FP Precision@90 - mean_tracin_,FP Precision@90 - mean_tracin_pos_,FP Precision@90 - mean_tracin_self_,TP Precision@90 - mean_mvsa_,TP Precision@90 - mean_catboost_self,TP Precision@90 - mean_catboost_test,TP Precision@90 - mean_dvrl_,TP Precision@90 - mean_tracin_,TP Precision@90 - mean_tracin_pos_,TP Precision@90 - mean_tracin_self_,FP EF10 - mean_mvsa_,FP EF10 - mean_catboost_self,FP EF10 - mean_catboost_test,FP EF10 - mean_dvrl_,FP EF10 - mean_tracin_,FP EF10 - mean_tracin_pos_,FP EF10 - mean_tracin_self_,TP EF10 - mean_mvsa_,TP EF10 - mean_catboost_self,TP EF10 - mean_catboost_test,TP EF10 - mean_dvrl_,TP EF10 - mean_tracin_,TP EF10 - mean_tracin_pos_,TP EF10 - mean_tracin_self_,FP BEDROC20 - mean_mvsa_,FP BEDROC20 - mean_catboost_self,FP BEDROC20 - mean_catboost_test,FP BEDROC20 - mean_dvrl_,FP BEDROC20 - mean_tracin_,FP BEDROC20 - mean_tracin_pos_,FP BEDROC20 - mean_tracin_self_,TP BEDROC20 - mean_mvsa_,TP BEDROC20 - mean_catboost_self,TP BEDROC20 - mean_catboost_test,TP BEDROC20 - mean_dvrl_,TP BEDROC20 - mean_tracin_,TP BEDROC20 - mean_tracin_pos_,TP BEDROC20 - mean_tracin_self_
GPCR_3,0.9071428571428571,0.8758620689655172,0.7295597484276729,0.7819548872180451,0.8827586206896552,0.8758620689655172,0.9054054054054054,0.696969696969697,0.7032258064516129,0.6928104575163399,0.5798816568047337,0.7168674698795181,0.7245508982035929,0.7485380116959064,0.5393167286954862,0.5207196001197798,0.43373959659360645,0.4648896791075886,0.5248197544514316,0.5207196001197798,0.5382837747567206,0.28260561527094596,0.2851423276660849,0.28091913674844243,0.23512903519069697,0.2906737169117351,0.29378917515670067,0.3035154128920609,0.8974890754548532,0.8857088005227457,0.739851618790692,0.7411678300063154,0.8735768952260817,0.8726652179696113,0.8821852049395457,0.7585032368410657,0.7404258129286327,0.728499095445221,0.6003735871729592,0.7104814101590546,0.7165926810419511,0.7744434030613436
