,Time - mean,Time - STD,Time - Replicate 1,FP rate,FP Precision@90 - mean,FP Precision@90 - STD,FP Precision@90 - Replicate 1,TP rate,TP Precision@90 - mean,TP Precision@90 - STD,TP Precision@90 - Replicate 1,FP EF10 - mean,FP EF10 - STD,FP EF10 - Replicate 1,TP EF10 - mean,TP EF10 - STD,TP EF10 - Replicate 1,FP BEDROC20 - mean,FP BEDROC20 - STD,FP BEDROC20 - Replicate 1,TP BEDROC20 - mean,TP BEDROC20 - STD,TP BEDROC20 - Replicate 1,FP Scaffold- mean,FP Scaffold - STD,FP Scaffold - Replicate 1,TP Scaffold- mean,TP Scaffold - STD,TP Scaffold - Replicate 1
GPCR_3,9.442824363708496,0.0,9.442824363708496,0.5945223780895124,0.7295597484276729,0.0,0.7295597484276729,0.40547762191048764,0.6928104575163399,0.0,0.6928104575163399,0.43373959659360645,0.0,0.43373959659360645,0.28091913674844243,0.0,0.28091913674844243,0.739851618790692,0.0,0.739851618790692,0.728499095445221,0.0,0.728499095445221,94.5273631840796,0.0,94.5273631840796,75.12437810945273,0.0,75.12437810945273
