,Time - mean,Time - STD,Time - Replicate 1,FP rate,FP Precision@90 - mean,FP Precision@90 - STD,FP Precision@90 - Replicate 1,TP rate,TP Precision@90 - mean,TP Precision@90 - STD,TP Precision@90 - Replicate 1,FP EF10 - mean,FP EF10 - STD,FP EF10 - Replicate 1,TP EF10 - mean,TP EF10 - STD,TP EF10 - Replicate 1,FP BEDROC20 - mean,FP BEDROC20 - STD,FP BEDROC20 - Replicate 1,TP BEDROC20 - mean,TP BEDROC20 - STD,TP BEDROC20 - Replicate 1,FP Scaffold- mean,FP Scaffold - STD,FP Scaffold - Replicate 1,TP Scaffold- mean,TP Scaffold - STD,TP Scaffold - Replicate 1
GPCR_3,9.211661577224731,0.0,9.211661577224731,0.5945223780895124,0.8758620689655172,0.0,0.8758620689655172,0.40547762191048764,0.7032258064516129,0.0,0.7032258064516129,0.5207196001197798,0.0,0.5207196001197798,0.2851423276660849,0.0,0.2851423276660849,0.8857088005227457,0.0,0.8857088005227457,0.7404258129286327,0.0,0.7404258129286327,88.05970149253731,0.0,88.05970149253731,76.11940298507463,0.0,76.11940298507463
