,Time - mean,Time - STD,Time - Replicate 1,FP rate,FP Precision@90 - mean,FP Precision@90 - STD,FP Precision@90 - Replicate 1,TP rate,TP Precision@90 - mean,TP Precision@90 - STD,TP Precision@90 - Replicate 1,FP EF10 - mean,FP EF10 - STD,FP EF10 - Replicate 1,TP EF10 - mean,TP EF10 - STD,TP EF10 - Replicate 1,FP BEDROC20 - mean,FP BEDROC20 - STD,FP BEDROC20 - Replicate 1,TP BEDROC20 - mean,TP BEDROC20 - STD,TP BEDROC20 - Replicate 1,FP Scaffold- mean,FP Scaffold - STD,FP Scaffold - Replicate 1,TP Scaffold- mean,TP Scaffold - STD,TP Scaffold - Replicate 1
GPCR_3,382.58440828323364,0.0,382.58440828323364,0.5945223780895124,0.7819548872180451,0.0,0.7819548872180451,0.40547762191048764,0.5798816568047337,0.0,0.5798816568047337,0.4648896791075886,0.0,0.4648896791075886,0.23512903519069697,0.0,0.23512903519069697,0.7411678300063154,0.0,0.7411678300063154,0.6003735871729592,0.0,0.6003735871729592,91.54228855721394,0.0,91.54228855721394,92.03980099502488,0.0,92.03980099502488
