,Time - mean,Time - STD,FP rate,FP Precision@90 - mean,FP Precision@90 - STD,TP rate,TP Precision@90 - mean,TP Precision@90 - STD,FP EF10 - mean,FP EF10 - STD,TP EF10 - mean,TP EF10 - STD,FP BEDROC20 - mean,FP BEDROC20 - STD,TP BEDROC20 - mean,TP BEDROC20 - STD,FP Scaffold - mean,FP Scaffold - STD,TP Scaffold - mean,TP Scaffold - STD
GPCR_3,2.5980658531188965,0.0,0.5945223780895124,0.5121951219512195,0.0,0.40547762191048764,0.4007067137809187,0.0,0.3045114619482868,0.0,0.16247760538745334,0.0,0.5539055576509005,0.0,0.3626363534780489,0.0,91.46341463414635,0.0,87.84452296819788,0.0
