,Time - mean,Time - STD,Time - Replicate 1,FP rate,FP Precision@90 - mean,FP Precision@90 - STD,FP Precision@90 - Replicate 1,TP rate,TP Precision@90 - mean,TP Precision@90 - STD,TP Precision@90 - Replicate 1,FP EF10 - mean,FP EF10 - STD,FP EF10 - Replicate 1,TP EF10 - mean,TP EF10 - STD,TP EF10 - Replicate 1,FP BEDROC20 - mean,FP BEDROC20 - STD,FP BEDROC20 - Replicate 1,TP BEDROC20 - mean,TP BEDROC20 - STD,TP BEDROC20 - Replicate 1,FP Scaffold- mean,FP Scaffold - STD,FP Scaffold - Replicate 1,TP Scaffold- mean,TP Scaffold - STD,TP Scaffold - Replicate 1
GPCR_3,1.6113684177398682,0.0,1.6113684177398682,0.5945223780895124,0.9071428571428571,0.0,0.9071428571428571,0.40547762191048764,0.696969696969697,0.0,0.696969696969697,0.5393167286954862,0.0,0.5393167286954862,0.28260561527094596,0.0,0.28260561527094596,0.8974890754548532,0.0,0.8974890754548532,0.7585032368410657,0.0,0.7585032368410657,94.02985074626865,0.0,94.02985074626865,73.6318407960199,0.0,73.6318407960199
