,Time - mean,Time - STD,FP rate,FP Precision@90 - mean,FP Precision@90 - STD,TP rate,TP Precision@90 - mean,TP Precision@90 - STD,FP EF10 - mean,FP EF10 - STD,TP EF10 - mean,TP EF10 - STD,FP BEDROC20 - mean,FP BEDROC20 - STD,TP BEDROC20 - mean,TP BEDROC20 - STD,FP Scaffold - mean,FP Scaffold - STD,TP Scaffold - mean,TP Scaffold - STD
GPCR_3,0.0,0.0,0.5945223780895124,0.7280701754385965,0.0,0.40547762191048764,0.7479674796747967,0.0,0.4328540121178029,0.0,0.30328407492491755,0.0,0.737233273882439,0.0,0.7161355296835338,0.0,97.51243781094527,0.0,91.04477611940298,0.0
