,Time - mean,Time - STD,Time - Replicate 1,FP rate,FP Precision@90 - mean,FP Precision@90 - STD,FP Precision@90 - Replicate 1,TP rate,TP Precision@90 - mean,TP Precision@90 - STD,TP Precision@90 - Replicate 1,FP EF10 - mean,FP EF10 - STD,FP EF10 - Replicate 1,TP EF10 - mean,TP EF10 - STD,TP EF10 - Replicate 1,FP BEDROC20 - mean,FP BEDROC20 - STD,FP BEDROC20 - Replicate 1,TP BEDROC20 - mean,TP BEDROC20 - STD,TP BEDROC20 - Replicate 1,FP Scaffold- mean,FP Scaffold - STD,FP Scaffold - Replicate 1,TP Scaffold- mean,TP Scaffold - STD,TP Scaffold - Replicate 1
GPCR_3,151.92295479774475,0.0,151.92295479774475,0.5945223780895124,0.9054054054054054,0.0,0.9054054054054054,0.40547762191048764,0.7485380116959064,0.0,0.7485380116959064,0.5382837747567206,0.0,0.5382837747567206,0.3035154128920609,0.0,0.3035154128920609,0.8821852049395457,0.0,0.8821852049395457,0.7744434030613436,0.0,0.7744434030613436,97.51243781094527,0.0,97.51243781094527,78.60696517412936,0.0,78.60696517412936
