,Time - mean,Time - STD,Time - Replicate 1,FP rate,FP Precision@90 - mean,FP Precision@90 - STD,FP Precision@90 - Replicate 1,TP rate,TP Precision@90 - mean,TP Precision@90 - STD,TP Precision@90 - Replicate 1,FP EF10 - mean,FP EF10 - STD,FP EF10 - Replicate 1,TP EF10 - mean,TP EF10 - STD,TP EF10 - Replicate 1,FP BEDROC20 - mean,FP BEDROC20 - STD,FP BEDROC20 - Replicate 1,TP BEDROC20 - mean,TP BEDROC20 - STD,TP BEDROC20 - Replicate 1,FP Scaffold- mean,FP Scaffold - STD,FP Scaffold - Replicate 1,TP Scaffold- mean,TP Scaffold - STD,TP Scaffold - Replicate 1
GPCR_3,171.0087375640869,0.0,171.0087375640869,0.5945223780895124,0.8827586206896552,0.0,0.8827586206896552,0.40547762191048764,0.7168674698795181,0.0,0.7168674698795181,0.5248197544514316,0.0,0.5248197544514316,0.2906737169117351,0.0,0.2906737169117351,0.8735768952260817,0.0,0.8735768952260817,0.7104814101590546,0.0,0.7104814101590546,96.51741293532338,0.0,96.51741293532338,72.13930348258707,0.0,72.13930348258707
